,KMeans,Centroid,Forest-Vote,Forest-Min
0,108.56782287303955,132.75789146613957,186.37751083030423,157.95831228624465
1,108.56782287303955,125.85164574544127,184.52480817409636,148.62416939682745
2,108.56782287303955,119.91934392443417,148.82334027654437,146.13380798905655
3,108.56782287303955,115.38408912163602,153.32697077748827,145.1027934157903
4,108.56782287303955,114.1994327533879,163.8380855776134,125.59709717309376
5,108.56782287303955,112.96816740350819,159.14744146355773,127.50902444117398
6,108.56782287303955,112.07548003122321,161.2321245020026,129.0130829994292
7,108.56782287303955,111.2930574463831,162.964083754462,122.9658348813921
