,IMM,RandomIMM,CART,Unsupervised,Unsupervised Obl.,Centroid,Centroid Obl.
3,,,136.18283298416208,118.11439798068379,112.63741373832457,120.07556332593865,118.42624402297758
4,118.96827439176349,117.53036504653005,114.53501288844873,118.11439798068379,113.86746824015808,112.7936922697902,109.8622145490659
5,118.96827439176349,117.53036504653005,112.4057198963275,118.07433641770295,111.88214360007875,112.29750132096846,108.82041950248714
6,118.96827439176349,117.53036504653005,110.48769193093815,115.83993087464933,112.40585602412388,110.38793042749074,108.47819090788819
7,118.96827439176349,117.53036504653005,110.96793038157885,114.33577162859953,112.21668186979899,109.73561103551025,108.43537976340228
8,118.96827439176349,117.53036504653005,110.46096944929488,114.33577162859953,112.21668186979899,109.053452141971,108.42596991425505
