,IMM,RandomIMM,CART,Unsupervised,Unsupervised Obl.,Centroid,Centroid Obl.
4,,,126.51040238118377,93.20870804756997,83.76372377707719,90.96938831175906,79.65068893031528
5,,,110.5578071336484,82.41558245915951,79.2741316617461,80.19442955561797,77.05973684254455
6,,97.0668447449738,98.48885078975638,81.9223817892051,78.12867110037193,77.91138888467881,75.98317167076084
7,,97.0668447449738,83.82468385448603,79.40230229504417,75.60575148974583,76.33082933290096,75.55939430813564
8,,97.0668447449738,81.27537591021017,79.40230229504417,75.60575148974583,76.29071213495236,75.48448289007382
