Row,coverage,max-rule-length,normalized-clustering-cost,overlap,weighted-average-rule-length
forest_depth_2,0.8546511627906976,2.0,11.432194630433283,1.034013605442177,2.0
forest_depth_3,0.9476744186046512,3.0,11.633976732300594,1.0245398773006136,3.0
forest_depth_4,0.8546511627906976,4.0,11.495994431729228,1.0,3.370748299319728
forest_depth_imm,0.9127906976744186,5.0,11.585829668096759,1.0031847133757963,3.7777777777777777
outlier,0.8517441860465116,5.0,11.604203018733624,1.0,3.583617747440273
