Row,coverage,max-rule-length,normalized-clustering-cost,overlap,weighted-average-rule-length
forest_depth_2,0.9719317329074099,2.0,6.234211136235863,1.3931404771349238,2.0
forest_depth_3,0.8671490433932518,3.0,5.497087948671212,1.1429864397091047,3.0
forest_depth_4,0.8270466014471302,4.0,5.037846182624945,1.024390040872048,4.0
forest_depth_imm,0.8050711517145945,4.0,5.01073609322364,1.0231317182462651,4.0
imm,1.0,4.0,5.566959089404096,1.0,3.283677445560505
outlier,0.800004130723634,4.0,5.10191850517458,1.0,3.279192447699285
