Row,coverage,max-rule-length,normalized-clustering-cost,overlap,weighted-average-rule-length
forest_depth_2,0.8190857142857143,2.0,35.50881226110353,1.1607367099204688,2.0
forest_depth_3,0.8095428571428571,3.0,33.22346173281611,1.113150278816969,3.0
forest_depth_4,0.8351428571428572,4.0,32.328097238192356,1.0753335614095108,3.6275133621786715
forest_depth_imm,0.8234857142857143,7.0,32.266951589175726,1.0837554645756713,3.802599564604943
imm,1.0,7.0,39.30232028172281,1.0,5.0528571428571425
outlier,0.8000571428571429,6.0,36.50805628696536,1.0,4.9468609385043925
