Row,coverage,max-rule-length,normalized-clustering-cost,overlap,weighted-average-rule-length
forest_depth_2,0.8062543432939542,2.0,7.965263997035836,1.0696431649715565,2.0
forest_depth_3,0.8069492703266157,3.0,6.66813778313389,1.019807096107475,3.0
forest_depth_4,0.8013898540653231,4.0,5.720022864695594,1.0031217481789803,4.0
forest_depth_imm,0.8005559416261293,6.0,5.6034153749741655,1.0013888888888889,5.369726192526262
outlier,0.8001389854065323,6.0,6.225326357189669,1.0,5.336286260204968
